b0001	P0AD86
b0002	P00561
b0003	P00547
b0004	P00934
b0005	P75616
b0006	P0A8I3
b0007	P30143
b0008	P0A870
b0009	P0AF03
b0010	P0AC98
b0011	P75617
b0013	P28696
b0014	P0A6Y8
b0015	P08622
b0016	P0CF91
b0018	P33236
b4412	P0ACG4
b0019	P13738
b0020	P0A9G2
b0021	P0CF25
b0022	P0CF07
b0023	P0A7U7
b0024	P75620
b0025	P0AG40
b0026	P00956
b0027	P00804
b0028	P0AEM0
b0029	P62623
b0030	P22564
b0031	P04036
b0032	P0A6F1
b0033	P00968
b0034	P0AE58
b0035	P39206
b0036	P31551
b0037	P31552
b0038	P31572
b0039	P60584
b0040	P31553
b0041	P60566
b0042	P31574
b0043	P68644
b0044	P68646
b0045	P31679
b0046	P0A754
b0047	P03819
b0048	P0ABQ4
b0049	P05637
b0050	P62672
b0051	P06992
b0052	P19624
b0053	P0ABZ6
b0054	P31554
b0055	P31680
b0058	P0AA37
b0059	P60240
b0060	P21189
b0061	P08203
b0062	P08202
b0063	P08204
b0064	P0A9E0
b0065	P30149
b0066	P31548
b0067	P31549
b0068	P31550
b0069	P33595
b4662	C1P5Z7
b0070	P31675
b0071	P30126
b0072	P0A6A6
b0073	P30125
b0074	P09151
b0075	P0AD79
b0076	P10151
b0077	P00893
b0078	P00894
b0080	P0ACP1
b0081	P22186
b0082	P60390
b0083	P0AEN4
b0084	P0AD68
b0085	P22188
b0086	P11880
b0087	P0A6W3
b0088	P14900
b0089	P0ABG4
b0090	P17443
b0091	P17952
b0092	P07862
b0093	P06136
b0094	P0ABH0
b0095	P0A9A6
b0096	P0A725
b0097	P62395
b0098	P10408
b0099	P08337
b0101	P0A8H8
b0102	P36680
b0103	P0A6I9
b0104	P60560
b0106	P36646
b0107	P36645
b0108	P36647
b0109	P30011
b0110	P13016
b0111	P0AE14
b0112	P15993
b0113	P0ACL9
b0114	P0AFG8
b0115	P06959
b0116	P0A9P0
b0117	P36682
b0118	P36683
b0119	P0A8E5
b0120	P0A7F6
b0121	P09158
b0122	P0AA95
b0123	P36649
b0124	P15877
b0125	P0A9M2
b0126	P61517
b0127	P36879
b0128	P0AFN6
b0129	P36881
b0130	P31666
b0131	P0A790
b0132	P31665
b0133	P31663
b0134	P31057
b0135	P31058
b0136	P37016
b0137	P37017
b0138	P37018
b0139	P33129
b0140	P33128
b0141	P37050
b0142	P26281
b0143	P0ABF1
b0144	P27305
b0145	P0ABS1
b0146	P0A823
b0147	P37025
b0148	P37024
b0149	P02919
b0150	P06971
b0151	P07821
b0152	P07822
b0153	P06972
b0154	P23893
b0155	P37019
b0156	P0ACC3
b0157	P0AFP0
b0158	P37028
b0159	P0AF12
b0160	P15723
b0161	P0C0V0
b0162	P37047
b0163	P62768
b0164	P37049
b0166	P0A9D8
b0167	P27249
b0168	P0AE18
b0169	P0A7V0
b0170	P0A6P1
b0171	P0A7E9
b0172	P0A805
b0173	P45568
b0174	P60472
b0175	P0ABG1
b0176	P0AEH1
b0177	P0A940
b0178	P0AEU7
b0179	P21645
b0180	P0A6Q6
b0181	P0A722
b0182	P10441
b0183	P10442
b0184	P10443
b0185	P0ABD5
b0186	P52095
b0187	P52096
b0188	P52097
b0189	P0AFW8
b4406	P0A8K5
b0190	P0AA97
b0191	P40711
b0192	P40710
b0193	P37056
b0194	P16659
b0195	P28634
b0196	P69411
b0197	P28635
b0198	P31547
b0199	P30750
b0200	P63228
b0207	P30863
b0208	P30864
b0209	P0A8U2
b0210	P30866
b0211	P0AEZ7
b0212	P0AC84
b0213	P75672
b0214	P0A7Y4
b0215	P03007
b0217	P77339
b4586	A5A605
b0219	Q47679
b0220	P0AD59
b0221	Q47146
b0222	P63224
b0223	Q47147
b0224	P0AA99
b0225	Q47149
b0226	Q47150
b0227	Q47151
b0228	Q47152
b0231	Q47155
b0232	Q47156
b0233	Q47157
b0234	Q47158
b0237	P15288
b0238	P0A9M5
b0239	P04335
b0241	P02932
b0242	P0A7B5
b0243	P07004
b0245	P77692
b0246	Q47684
b4504	Q9XB42
b0247	Q47685
b0248	P75676
b0249	P75677
b0250	P77162
b0251	P77365
b0252	P77206
b0253	P75678
b0254	Q57083
b0256	P0CF88
b0259	P0CE49
b0260	Q47689
b0261	Q47690
b0262	P37009
b0264	P0CF26
b0265	P0CF08
b0267	P37007
b0268	P75682
b0269	P77596
b0270	P75683
b0271	P77713
b0272	P77300
b0273	P06960
b0274	P0CF27
b0275	P0CF09
b0277	P77657
b0278	P77607
b0279	P71296
b0280	P71297
b0281	P71298
b0283	P77183
b0284	P77489
b0285	P77324
b0286	P77165
b0287	P0AAA1
b0288	P0AAL9
b0289	P77263
b0290	P77694
b0291	P77802
b0292	P77188
b0293	P0AAA3
b0294	P71301
b0295	P56257
b4506	Q2EEQ2
b0296	P0A7N1
b4671	C1P5Z8
b0298	P0CF66
b0299	P0CF79
b0301	P75685
b0303	P75687
b0304	P77212
b0305	P77379
b0306	P77252
b0307	P77536
b0308	P77433
b0310	P77180
b0311	P17444
b0312	P17445
b0313	P17446
b0314	P0ABC9
b0315	P21514
b0316	P77700
b0317	P77219
b0318	P77736
b0319	P77297
b0320	P77187
b0321	P77221
b0323	P77624
b0324	P77554
b0325	P75691
b0326	P77393
b0327	P75692
b0328	P75693
b0329	P75694
b0330	P77743
b0331	P77541
b0333	P31660
b0334	P77243
b0335	P77495
b0336	P0AA82
b0337	P25524
b0338	P27111
b0339	P0ABE9
b0340	P00816
b0341	P17583
b0342	P07464
b0343	P02920
b0344	P00722
b0345	P03023
b0346	P77569
b0347	P77397
b0348	P0ABR9
b0349	P77044
b0350	P77608
b0351	P77580
b0352	P51020
b0353	P77589
b0354	P51024
b0355	P51025
b0356	P25437
b0357	P0AAP3
b0358	Q47534
b0360	P0CF40
b0361	P0CF53
b0363	Q47536
b0364	P71311
b0365	Q47537
b0366	Q47538
b0367	Q47539
b0368	P37610
b0369	P0ACB2
b0372	P0CF80
b0373	P0CF67
b0375	P0AAP5
b0376	P0AD70
b0377	P0AFY6
b0378	P77562
b0379	P0AAP7
b0380	P0AAQ0
b0381	P0A6J8
b0382	P0AAN9
b0383	P00634
b0384	P0AFM4
b0385	P0AAP1
b0386	P0A9L8
b0387	P0A8D3
b0388	P0A6E1
b0389	P0AAN5
b0390	P0AE28
b0391	P0C037
b0393	P36767
b0394	P23917
b0396	P23910
b0397	P13458
b0398	P0AG76
b0399	P0AFJ5
b0400	P08400
b0401	P0AD99
b0402	P0AAE2
b0403	P21517
b0404	P21515
b0405	P0A7F9
b0406	P0A847
b0407	P0ADZ7
b0408	P0AG90
b0409	P0AG93
b0410	P0AAQ2
b0411	P0A927
b0412	P46122
b0413	P0A8D0
b0414	P25539
b0415	P61714
b0416	P0A780
b0417	P0AGG0
b0418	P18200
b0419	P77735
b0420	P77488
b0421	P22939
b0422	P0A8G9
b0423	P77718
b0424	Q46948
b0425	P0A9J4
b0426	P0A8E7
b0427	P77726
b0428	P0AEA5
b0429	P0ABJ6
b0430	P0ABJ3
b0431	P0ABI8
b0432	P0ABJ1
b0433	P0AE16
b0434	P0ADA5
b0435	P0ABE2
b0436	P0A850
b0437	P0A6G7
b0438	P0A6H1
b0439	P0A9M0
b0440	P0ACF4
b0441	P0ADY1
b0442	P0AAR8
b0443	P77712
b0444	P77756
b0445	P46890
b0446	P46891
b0447	P0ACJ5
b0448	P77265
b0449	P0AAG5
b0450	P0AC55
b0451	P69681
b0452	P0AGG2
b0453	P77717
b0454	P0AFP2
b0456	P0AAQ6
b0457	P77473
b0458	P0AAS0
b0459	P77791
b0460	P0ACE3
b0461	P0AAR0
b0462	P31224
b0463	P0AE06
b0464	P0ACS9
b0465	P77338
b0466	P45807
b0467	P23862
b0468	P0AAR5
b0469	P69503
b0470	P06710
b0471	P0A8B5
b0472	P0A7H6
b0473	P0A6Z3
b0474	P69441
b0475	P23871
b0476	P23872
b0477	P0AEW6
b0478	P39830
b0479	P52067
b0480	P07024
b0481	P0AAR3
b0482	P77301
b0483	P0A9T6
b0484	Q59385
b0485	P77454
b0486	P77400
b0487	P0A9G4
b0488	P0AAS3
b0489	P0AA53
b0490	P77279
b0491	P77307
b0492	P77395
b0493	P0AFP4
b0494	P0ADA1
b0495	P0A9T8
b0496	P77504
b0497	P16919
b0498	P33668
b0503	P33667
b0504	P0ACR0
b0505	P77731
b0506	P0ACN4
b0507	P0AEP7
b0508	P30147
b0509	P77161
b0511	P75712
b0512	P77671
b0513	P77328
b0514	P77364
b0515	P75713
b0516	P77425
b0517	P77555
b0518	Q47208
b4572	P77129
b0520	P0AAS5
b0521	P37306
b0522	P09029
b0523	P0AG18
b0524	P43341
b0525	P23869
b0526	P21888
b0527	P45570
b0528	P0AAS7
b0529	P24186
b0530	P0ABW5
b0531	P77249
b0532	P77468
b0533	P75715
b0534	P38052
b0535	P0AEL8
b0537	P24218
b0540	P0CF68
b0541	P0CF81
b0543	P23895
b0544	P77698
b0545	P77368
b0546	P77634
b4588	Q47268
b0547	Q47269
b0548	Q47270
b0549	P68661
b0550	P0AG74
b4509	Q47272
b0551	Q47274
b0552	P0CE50
b0554	P0A9R2
b0555	P78285
b0556	P75719
b4510	P58041
b0557	P77330
b0558	P77598
b0559	P64435
b4589	A5A607
b0560	P31062
b0564	P05052
b0565	P09169
b0566	P10805
b0567	P37325
b0568	P31600
b0569	P0AFA5
b0570	P77485
b0571	P0ACZ8
b0572	P77211
b0573	P77214
b0574	P77239
b0575	P38054
b0576	P24207
b0577	P0AAT4
b0578	P38489
b0579	P0AAT2
b0580	P77506
b0581	P77213
b4415	P77091
b0582	P0CF92
b0583	P19925
b0584	P05825
b0585	P13039
b4511	P18393
b0586	P11454
b0587	P26266
b0588	P23878
b0589	P23877
b0590	P23876
b0591	P24077
b0592	P0AEL6
b0593	P0AEJ2
b0594	P10378
b0595	P0ADI4
b0596	P15047
b0597	P0A8Y8
b0598	P15078
b4512	P0AAS9
b0599	P45579
b0600	P77806
b0601	P77174
b0602	P77216
b0603	P77746
b0604	P77202
b0605	P0AE08
b0606	P35340
b0607	P39177
b0608	P77316
b0610	P0AFW4
b0611	P21338
b0612	P0AE74
b0613	P77231
b0614	P0A6G5
b0615	P75726
b0616	P0A9I1
b0617	P69330
b0618	P77390
b0619	P77510
b0620	P0AEF4
b0621	P0ABP3
b0622	P37001
b0623	P0A972
b0624	P37002
b0627	P0A843
b0628	P60716
b0629	P30979
b0630	P60720
b0631	P0A8J4
b0632	P0AEB2
b0633	P10100
b0634	P0ABG7
b0635	P0AD65
b0636	P0A8I8
b0637	P0AAT6
b0638	P52086
b0639	P0A752
b0640	P28630
b0641	P0ADC1
b0642	P07813
b0643	P0AAT9
b0644	P77234
b0645	P77627
b0646	P77381
b0647	P77296
b0648	P77427
b0649	P77359
b0650	P77319
b0651	P41409
b0652	P0AAG3
b0653	P0AER5
b0654	P0AER3
b0655	P37902
b0656	P0CE51
b0657	P23930
b0658	P0AE78
b0659	P0A898
b0660	P0A9K3
b0661	P0AEI1
b0662	P75728
b0674	P22106
b0675	P0AF24
b0676	P0AF20
b0677	P0AF18
b0678	P0A759
b0679	P09323
b0680	P00962
b0681	P75733
b0682	P75734
b0683	P0A9A9
b4637	A8DYP9
b0684	P61949
b0685	P0AAU7
b0686	P75736
b0687	P0AFY8
b0688	P36938
b0689	P75737
b0692	P0AAF1
b0693	P24169
b4590	P46121
b0694	P21866
b0695	P21865
b0696	P03961
b0697	P03960
b0698	P03959
b4513	P36937
b0699	P0AAU2
b0700	P16918
b0702	P0AAU5
b0704	P28915
b0706	P28916
b0707	P24252
b0708	P00914
b0709	P75742
b0710	P0AFP6
b0711	P0AAV4
b0712	P75745
b0713	P75746
b0714	P50465
b0715	P75747
b0716	P75748
b0717	P75749
b0718	P75750
b0719	P37909
b0720	P0ABH7
b0721	P69054
b0722	P0AC44
b0723	P0AC41
b0724	P07014
b0726	P0AFG3
b0727	P0AFG6
b0728	P0A836
b0729	P0AGE9
b0730	P13669
b0731	P54745
b0732	P54746
b0733	P0ABJ9
b0734	P0ABK2
b4515	P56100
b0735	P0AAV0
b0736	P0A8Z3
b0737	P0ABU9
b0738	P0ABV6
b0739	P19934
b0740	P0A855
b0741	P0A912
b0742	P45955
b0750	P11458
b0751	P0AFK2
b0752	P75757
b0753	P0AAV6
b0754	P0AB91
b0755	P62707
b0756	P0A9C3
b0757	P0A6T3
b0758	P09148
b0759	P09147
b0760	P31060
b0761	P0A9G8
b0762	P0AAW9
b0763	P37329
b0764	P0AF01
b0765	P09833
b0766	P21829
b0767	P52697
b0768	P52696
b0769	P0AAV8
b0770	P75763
b0771	P75764
b0772	P46130
b0773	P12994
b0774	P12995
b0775	P12996
b0776	P12998
b0777	P12999
b0778	P13000
b0779	P0A8F8
b0780	P75767
b0781	P30745
b0782	P0AEZ9
b0783	P0A738
b0784	P30748
b0785	P30749
b0786	P0AAC4
b0787	P75769
b0788	P75770
b0789	P0AA84
b0790	P0AAW1
b0791	P0AAW5
b0792	P0AFP9
b0793	P0AFQ2
b0794	P0A9U1
b0795	P75777
b0796	P0ACU0
b0797	P25888
b0798	P30176
b0799	P27296
b0800	P30177
b0801	P30178
b0802	P0AAX3
b0803	P41039
b0804	P75779
b0805	P75780
b0806	P0AAX6
b0807	P75782
b0808	P75783
b0809	P10346
b0810	P0AEQ6
b0811	P0AEQ3
b0812	P0ABT2
b0813	P0AA67
b0814	P0A917
b0815	P75785
b4705	P0DKB3
b0817	P0A9F1
b0818	P75788
b0819	P0AAX8
b0820	P0A9U3
b0821	P75791
b0822	P75792
b0823	P75793
b0824	P75794
b0825	P78055
b0826	P12282
b0827	P12281
b0828	P37595
b0829	P75796
b0830	P75797
b0831	P75798
b0832	P75799
b0833	P75800
b0834	P75801
b0835	P0AEI4
b0836	P0AAY1
b0837	P75804
b0838	P0ACA7
b0839	P08506
b0840	P0ACK5
b0841	P75806
b0842	P0AEY8
b0843	P0AAY4
b0844	P75809
b0845	P75810
b0846	P75811
b0847	P60869
b0848	P64439
b0849	P68688
b0850	P46119
b0851	P17117
b0852	P0C0U4
b0853	P0AAY6
b0854	P31133
b0855	P31134
b0856	P31135
b0857	P0AFL1
b0858	P0AAZ0
b0859	P75817
b0860	P30860
b0861	P0AE30
b0862	P0AE34
b0863	P30859
b0864	P0AAF6
b0865	P75818
b0866	P0A8C1
b0867	P75820
b0868	P75821
b0869	P75822
b0870	P75823
b0871	P07003
b0872	P75824
b0873	P75825
b0874	P75826
b0875	P60844
b0876	P75828
b0877	P75829
b0878	P75830
b0879	P75831
b0880	P0A968
b0881	P0A8Q6
b0882	P0ABH9
b0884	P69222
b0885	P0A8P1
b0886	P23886
b0887	P29018
b0888	P0A9P4
b0889	P0ACJ0
b0890	P46889
b0891	P61316
b0892	P0AAZ4
b0893	P0A8L1
b0894	P18775
b0895	P18776
b0896	P18777
b0897	P21367
b0898	P21503
b0899	P75835
b0900	P75836
b0901	P43340
b0902	P0A9N4
b0903	P09373
b0904	P0AC23
b0905	P75838
b0906	P75839
b0907	P23721
b0908	P0A6D3
b0909	P43674
b0910	P0A6I0
b0911	P0AG67
b0912	P0A6Y1
b0913	P37443
b0914	P60752
b0915	P27300
b0916	P75843
b0917	P0AAZ7
b0918	P04951
b0919	P0AB03
b0920	P0AB01
b0921	P36566
b0922	P60293
b0923	P22524
b0924	P22523
b0925	P22525
b0926	P0AB06
b0927	P75849
b0928	P00509
b0929	P02931
b0930	P0A8M0
b0931	P18133
b0932	P04825
b0933	P0AAI1
b0934	P75851
b0935	P80645
b0936	P75853
b0937	P80644
b0938	P75855
b0939	P75856
b0940	P75857
b0941	P75858
b0942	P75859
b0943	P75860
b0944	P40876
b0945	P0A7E1
b0946	P75862
b0947	P75863
b0948	P75864
b0949	P43672
b0950	P0AFL9
b0951	P43671
b0952	P0AB10
b0953	P0AFW2
b0954	P0A6Q3
b0955	P75867
b0956	P0A8N0
b0957	P0A910
b0958	P0AFZ5
b0959	P75869
b0960	P75870
b0961	P0AB12
b0962	P15038
b0963	P0A731
b0964	P0A8X4
b0965	P75874
b0966	P0AB20
b0967	P75876
b0968	P0AB65
b0969	P0AB18
b0970	P0AAC6
b0972	P69739
b0973	P0ACD8
b0974	P0AAM1
b0975	P19930
b0976	P19931
b0977	P19932
b0978	P26459
b0979	P26458
b4592	P24244
b0980	P07102
b0981	P38134
b0982	P0ACZ2
b0983	P0A932
b0984	P75882
b0985	P75883
b0986	P75884
b0987	P75885
b4516	P0CF10
b0988	P57998
b0989	P0A982
b0990	P0A978
b0991	P0AAA5
b4517	P0AC92
b0992	P52636
b0993	P39453
b0994	P38683
b0995	P38684
b0996	P33226
b0997	P33225
b0998	P36662
b0999	P63264
b1000	P36659
b1001	P36661
b1002	P19926
b1003	P0AB14
b1004	P0A8G6
b4518	P56614
b1006	P75892
b1007	P75893
b1008	P75894
b1009	P75895
b1010	P0AFQ5
b1011	P75897
b1012	P75898
b1013	P0ACU2
b1014	P09546
b1015	P07117
b1018	P0AB24
b1019	P31545
b1020	P0A9K1
b1021	P69432
b1022	P75905
b1023	P75906
b1024	P69434
b1025	P75908
b1026	P0CF82
b1027	P0CF69
b1029	P75910
b1033	P75913
b1034	P75914
b1035	P75915
b1036	P75916
b1037	P0AEA2
b1038	P0AE98
b1039	P0AE95
b1040	P52106
b1041	P0ABK7
b1042	P28307
b1043	P52107
b1044	P75917
b1045	P0A8D6
b1046	P75919
b1047	P75920
b1048	P33136
b1049	P62517
b1050	P0AB31
b1051	P25738
b1053	P25744
b1054	P0ACV0
b1055	P24188
b1056	P0A8X2
b1057	P75925
b1058	P64442
b1059	P40874
b1060	P0AB33
b1061	P0ABR1
b1062	P05020
b1063	P0AB26
b1064	P0AC59
b1065	P69367
b1066	P0A948
b1067	P29217
b1068	P75931
b1069	P0AF16
b1070	P43533
b1071	P0AEM4
b1072	P75933
b1073	P0ABW9
b1074	P0ABX2
b1075	P75936
b1076	P75937
b1077	P75938
b1078	P0ABX5
b1079	P0A6S0
b1080	P0A6S3
b1081	P75942
b1082	P33235
b1083	P29744
b1084	P21513
b1085	P62066
b1086	P0AA39
b1087	P0A729
b1088	P0AB28
b1089	P0A7N4
b1090	P27247
b1091	P0A6R0
b1092	P0AAI9
b1093	P0AEK2
b1094	P0A6A8
b1095	P0AAI5
b1096	P28305
b1097	P28306
b1098	P0A720
b1099	P28631
b1100	P0AFQ7
b1101	P69786
b1102	P16869
b1103	P0ACE7
b1104	P75946
b1105	P0AB38
b1106	P75948
b1107	P75949
b1108	P0A8E1
b1109	P00393
b1110	P0AB35
b1111	P75952
b1112	P0AB40
b1113	P75954
b1114	P30958
b1115	P75955
b1116	P0ADC3
b1117	P75957
b1118	P75958
b1119	P75959
b1120	P75960
b1121	P75961
b1122	P75962
b1123	P0AFK9
b1124	P0AFK6
b1125	P0AFK4
b1126	P69874
b1127	P29745
b1128	P27431
b1129	P23837
b1130	P23836
b1131	P0AB89
b1132	P25746
b1133	P25745
b1134	P0AEI6
b1135	P75966
b1136	P08200
b1137	P75967
b1138	P75968
b1139	P11072
b1140	P75969
b1141	P75970
b1143	P75972
b1144	P75973
b1145	P75974
b1146	P75975
b1147	P75976
b1148	P75977
b1150	P75979
b1153	P75982
b1154	P45581
b1155	P09154
b1156	P09153
b1158	P03014
b1159	P24200
b1160	P75987
b1161	P75988
b1162	P75989
b1163	P75990
b1164	P75991
b1165	P75992
b1166	P75993
b1167	P75994
b1168	P75995
b4520	P58034
b1171	P0AB46
b1172	Q7DFV3
b4593	A5A611
b4594	A5A612
b1174	P0A734
b1175	P0AEZ3
b1176	P18196
b1177	P76001
b1178	P76002
b1179	P0AB43
b1180	P76004
b1181	P0A8L5
b1182	P77335
b1183	P0AG11
b1184	P04152
b1185	P0A6M2
b1186	P0AFA7
b1187	P0A8V6
b1188	P29013
b1189	P0A6J5
b1190	P29012
b1191	P76007
b1192	P76008
b1193	P0C960
b1194	P76010
b1195	P76011
b1196	P76012
b1197	P13482
b1198	P37349
b1199	P76014
b1200	P76015
b1201	P76016
b1202	P76017
b1203	P0ABU2
b1204	P0A7D1
b1205	P0AB49
b1206	P0AFR2
b1207	P0A717
b1208	P62615
b1209	P61320
b1210	P0A6X1
b1211	P0A7I0
b1212	P0ACC1
b1213	Q46755
b1214	P0AGM5
b1215	P0A715
b4419	Q6BF86
b4421	Q6BF87
b4423	Q6BF86
b1216	P31801
b1217	P0AE63
b1218	P39163
b1219	P0AB52
b1220	P39165
b1221	P0AF28
b1222	P0AFA2
b1223	P10903
b1224	P09152
b1225	P11349
b1226	P0AF26
b1227	P11350
b1229	P02338
b1232	P37051
b1233	P37052
b1234	P0AFR0
b1235	P0AEV1
b1236	P0AEP3
b1237	P0ACF8
b1238	P23331
b1241	P0A9Q7
b1242	P25743
b1243	P23843
b1244	P0AFH2
b1245	P0AFH6
b1246	P76027
b1247	P77737
b1248	P0A8L7
b1249	P0A6H8
b4595	A5A613
b1250	P31069
b1251	P0AB55
b1252	P02929
b1253	P0A8Z0
b1254	P0A710
b1255	P21365
b1256	P0A915
b1257	P21363
b1258	P21362
b1259	P21361
b1260	P0A877
b1261	P0A879
b1262	P00909
b1263	P00904
b1264	P00895
b1265	P0AD92
b1266	P77766
b1267	P0AFR4
b1268	P45848
b1269	P37765
b1270	P0A9H5
b1271	P31808
b1272	P0AG14
b1273	P0AB61
b1274	P06612
b1275	P0A9F3
b4522	P0CB62
b4523	P58094
b1276	P25516
b1277	P0A7I7
b1278	P0A924
b1279	P0ACV4
b1280	P0AB58
b1281	P08244
b1282	P08245
b1283	P0ADA7
b1284	P76034
b4596	A5A614
b1285	P77334
b4672	C1P5Z9
b1286	P30850
b1287	P76035
b1288	P0AEK4
b1289	P45736
b1290	P0AAH8
b1291	P0AAH4
b1292	P0AGH5
b1293	P0AGH3
b1294	Q47622
b1295	P0ACV8
b1296	P76037
b1297	P78061
b1298	P76038
b1299	P0A9U6
b1300	P23883
b1301	P37906
b1302	P50457
b1303	P37344
b1304	P0AFM6
b1305	P0AFM9
b1306	P0AFN2
b1307	P0AFV8
b1308	P23857
b1309	P76041
b1310	P76042
b1311	P0AFR7
b1312	P77716
b1313	P76043
b1314	P76044
b1315	P77503
b1316	P77154
b1317	P77366
b1319	P76045
b1320	P77615
b1321	P76046
b1322	P0A8R7
b1323	P07604
b1324	P0A862
b1325	P51981
b1326	P0ACV6
b1327	P76049
b1328	P77333
b1329	P77348
b1330	P0AEB5
b1331	P0CE52
b1332	P64445
b1333	P0AAC0
b1334	P0A9E5
b1335	P0AFH0
b1336	P46133
b1337	P76052
b1338	P77357
b1339	P77744
b1340	P76053
b1341	P77302
b1342	P64423
b1343	P21693
b1344	P76055
b1345	P76056
b1346	P76057
b1347	P33230
b1348	P33229
b1349	P33228
b1350	P15032
b1351	P15033
b4526	P38394
b1352	P38393
b1353	P38392
b4527	P0ACW0
b1355	P76061
b1356	P76062
b1357	P76063
b1358	P76064
b1359	P76065
b1360	P77546
b4528	P58042
b1363	P23849
b1365	P76068
b1372	P76072
b1373	P77163
b1374	P0ADI0
b1375	P76073
b1376	P37903
b1377	P77747
b1378	P52647
b4529	P0ACW2
b1379	P52644
b1380	P52643
b1381	P52645
b1382	P64448
b1383	P76076
b1384	Q47129
b1385	P80668
b1386	P46883
b1387	P77455
b1388	P76077
b1389	P76078
b1390	P76079
b1391	P76080
b1392	P76081
b1393	P76082
b1394	P77467
b1395	P76083
b1396	P76084
b1397	P0C7L2
b1398	P76085
b1399	P76086
b1400	P77181
b4674	C1P600
b1402	P0CF54
b1403	P0CF41
b1404	P0CF89
b1406	P25906
b1407	P25907
b1408	P76090
b1409	P76091
b1410	P76092
b1411	P76093
b1412	P41407
b1413	P43329
b1414	P34209
b1415	P25553
b1418	P0ABE5
b1419	P0ACW4
b4428	P77494
b1420	P76096
b1421	P05704
b1422	P77171
b1423	P76097
b1424	P40120
b1426	P0ACW6
b1427	P13857
b1428	P76100
b1429	P25396
b1430	P25397
b1431	P64451
b1432	P76102
b1433	P76103
b1434	P77626
b1435	P76104
b1436	P64459
b4532	P76106
b1438	P67697
b1439	P77730
b1440	P76108
b1441	P77795
b1442	P77156
b1443	P0AFR9
b1444	P77674
b4598	A5A615
b1445	P64453
b1446	P64455
b1447	P76111
b1448	P76112
b1449	P76113
b1450	P76114
b1451	P76115
b1452	P76116
b1453	P77610
b1454	P76117
b1455	P76118
b1457	P31991
b1460	P28917
b1461	P31992
b1462	P76121
b1463	P77567
b1464	P37757
b1465	P0AF32
b1466	P19317
b1467	P19318
b1468	P19319
b1469	P37758
b1473	P46136
b1474	P24183
b1475	P0AAJ3
b1476	P0AEK7
b1477	P67699
b1478	P39451
b1479	P26616
b1480	P68191
b1481	P76127
b1482	P0C0L2
b1483	P77622
b1484	P77268
b1485	P77463
b1486	P77308
b1487	P76128
b1488	P77790
b1489	P76129
b1490	P0AA89
b1491	P64426
b1492	P63235
b1493	P69910
b1494	P31828
b1495	P31827
b1496	P31826
b1497	P76134
b1498	P77318
b1499	P76135
b1500	P76136
b1501	P77561
b1502	P77588
b1503	P77294
b1504	P77789
b1507	P23874
b1508	P23873
b1511	P77432
b1512	P76141
b1513	P77257
b1514	P77672
b1515	P0AFS1
b1516	P76142
b1517	P76143
b1518	P64461
b1519	P76145
b1520	P76146
b1521	P0A6L7
b1522	P76147
b1523	P76148
b1524	P0A6W0
b1525	P76149
b1526	P77309
b1527	P76150
b1528	P31122
b1529	P0AEY1
b1530	P27245
b1531	P0ACH5
b1532	P31121
b1533	P31125
b1534	P31126
b4599	A5A616
b1535	P31129
b1536	P31130
b1537	P31131
b1538	P24171
b1539	P39831
b1540	P0ACM2
b1541	P64463
b1542	P77260
b1544	P76154
b1545	P77170
b1546	P76155
b1547	P77515
b4533	Q2EES0
b1549	P76156
b1550	P77695
b1551	P76157
b1552	P0A986
b1553	P76158
b4689	C1P601
b1554	P76159
b1555	P76160
b1556	P77237
b1557	P36995
b1558	P0A976
b1559	P76161
b1560	P76162
b1561	P07010
b1562	P0ACG6
b1563	P0C077
b1564	P0C079
b1565	P76163
b1566	P77609
b1569	P06965
b1570	P06966
b1571	P0ACW8
b1572	P29009
b1573	P21418
b1575	P09557
b1576	P29010
b1580	P38105
b1581	P38104
b1582	P76169
b1583	P76170
b1584	P0A951
b1585	P67553
b1586	P76172
b1587	P77374
b1588	P77783
b1589	P0AAJ1
b1590	P76173
b1591	P69853
b1592	P76175
b1593	P0A6E9
b1594	P50456
b1595	P77559
b1596	P43531
b1597	P36560
b4601	A5A617
b1598	P76176
b1599	P69210
b1600	P69212
b1601	P0AFS5
b1602	P0AB67
b1603	P07001
b1604	P76177
b1605	P0AAE5
b1606	P0AFS3
b1607	P0ACX0
b1608	P52108
b1609	P18392
b1610	P16525
b1611	P05042
b1612	P0AC33
b1613	P00946
b1614	P77804
b1615	Q47706
b1616	P0CE44
b1617	P05804
b1618	P0ACT6
b1619	P0AET8
b1620	P18811
b1621	P19642
b1622	P23256
b1623	P22333
b1624	P77376
b4409	P56976
b1625	P64467
b1626	P76180
b1627	P0A766
b1628	P77223
b1629	P77611
b1630	P76182
b1631	P77285
b1632	P77179
b1633	P0AB83
b1634	P77304
b1635	P0A9D2
b1636	P77150
b1637	P0AGJ9
b1638	P0AFI7
b1639	P28224
b1640	P77570
b1641	P0A905
b1642	P0A8W2
b1643	P64471
b1644	P76185
b1645	P76186
b1646	P0AGD1
b1647	P76187
b1648	P64474
b1649	P67430
b1650	P77258
b1651	P0AC81
b1652	P30014
b1653	P30015
b1654	P0AC69
b1655	P76190
b1656	P0AGD3
b1657	P77389
b4602	A5A618
b1658	P0ACP7
b1659	P0ACR2
b1660	P37597
b1661	P0A9H7
b1662	P0AFU8
b1663	P37340
b1664	P77552
b1667	P0ACX3
b1668	P77148
b1669	P77147
b1670	P77409
b1671	P77375
b1672	P77564
b1673	P76192
b1674	P0AAL6
b1675	P0ACX5
b1676	P0AD61
b1677	P69776
b1678	P76193
b1679	P76194
b1680	P77444
b1681	P77689
b1682	P77499
b1683	P77522
b1684	P77667
b1685	P64476
b1686	P77781
b1687	P77748
b1688	P0AFS7
b1689	P76196
b1690	P76197
b1691	P76198
b1692	P0A6D5
b1693	P05194
b1694	P37766
b1695	P0A9U8
b1696	P77402
b1697	P76201
b1698	P77378
b1699	P77337
b1700	P77714
b1701	P38135
b1702	P23538
b1703	P0A8A4
b1704	P00887
b1705	P0ACX9
b1706	P77649
b1707	P76204
b1708	P23898
b1709	P06611
b1710	P06610
b1711	P06609
b1712	P0A6X7
b1713	P07395
b1714	P08312
b1715	P0AD74
b1716	P0A7L3
b1717	P0A7Q1
b1718	P0A707
b1719	P0A8M3
b4535	Q2EES1
b1722	P76206
b1723	P06999
b1724	P64479
b1725	P77739
b1726	P76208
b1727	P77247
b1728	P64481
b1729	P77529
b1730	P76210
b1731	P0AE60
b1732	P21179
b1733	P37794
b1734	P17411
b1735	P17410
b1736	P69791
b1737	P17334
b1738	P69795
b1739	P0ADB1
b1740	P18843
b1741	P76213
b1742	P76214
b1743	P77754
b1744	P76215
b1745	P76216
b1746	P76217
b1747	P0AE37
b1748	P77581
b1749	P09030
b1750	P76219
b1751	P76220
b1752	P76221
b1753	P76222
b1754	P76223
b1755	P76224
b1756	P76909
b1757	P78067
b1758	P76226
b1759	P77788
b1760	P76227
b1761	P00370
b1762	P76228
b1763	P14294
b1764	P16456
b1765	P0ACY1
b1766	P08395
b1767	P0A962
b1768	P21369
b1769	P38055
b1770	P77721
b1771	P77256
b1772	P77493
b1773	P77704
b1774	P77280
b1775	P76230
b1776	P77539
b1777	P76231
b1778	P0A746
b1779	P0A9B2
b1780	P39173
b1781	P76234
b1782	P0A908
b1783	P0ACY3
b1784	P76235
b1785	P76236
b1786	P76237
b1787	P64483
b1788	P76239
b1789	P0ACY6
b1790	P76241
b1791	P76242
b1792	P76243
b1793	P64493
b1794	P76245
b4676	C1P602
b4675	C1P603
b1795	P64485
b1796	P64496
b1797	P64488
b1798	P76249
b1799	P76250
b1800	P76251
b1801	P0ABD1
b1802	P0ABR7
b1803	P76254
b1804	P09155
b1805	P69451
b1806	P0AA91
b1807	P76256
b1808	P76257
b1809	P0AEB7
b1810	P64490
b1811	P67338
b1812	P05041
b1813	P43337
b1814	P16095
b1815	P76261
b1816	P0AEC0
b1817	P69797
b1818	P69801
b1819	P69805
b1820	P67601
b1821	P76264
b1822	P36999
b1823	P0A9Y6
b1824	P64508
b1825	P64499
b1826	P64512
b4536	Q2MB16
b1827	P76268
b1828	P76269
b1829	P23894
b1830	P23865
b1831	P45577
b1832	P76270
b1833	P0AD03
b1834	P76272
b1835	P76273
b1836	P64503
b1837	P76275
b1838	P55798
b1839	P64506
b1840	P76278
b1841	P0AA57
b1842	P0ABS8
b1843	P76280
b1844	P0AEK0
b1845	P24555
b1846	P33218
b1847	P33219
b1848	P0ACY9
b1849	P33221
b1850	P0A955
b1851	P0ADF6
b1852	P0AC53
b1853	P46118
b1854	P21599
b1855	P24205
b1856	P0AFS9
b1857	P39172
b1858	P0A9X1
b1859	P39832
b1860	P0A812
b1861	P0A809
b4677	C1P604
b1862	P24238
b1863	P0A814
b1864	P0A8A0
b1865	P0AFC0
b1866	P21889
b1867	P0ADI7
b1868	P37348
b1869	P64515
b1870	P76290
b1871	P76291
b1872	P46923
b1873	P52005
b1874	P67826
b1875	P52007
b1876	P11875
b1877	P76296
b1878	P76297
b1879	P76298
b1880	P76299
b1881	P0A9H9
b1882	P0AE67
b1883	P07330
b1884	P07364
b1885	P07018
b1886	P07017
b1887	P0A964
b1888	P07363
b1889	P0AF06
b1890	P09348
b1891	P0ABY7
b1892	P0A8S9
b1893	P0CF30
b1894	P0CF13
b1895	P46888
b1896	P31677
b1897	P31678
b4460	P0AE26
b1900	P0AAF3
b1901	P02924
b1902	P0A9A2
b4537	P0AD10
b4663	C1P605
b1904	P76308
b1905	P0A998
b1906	P46887
b1907	P0AAD4
b1908	P0AD05
b1912	P0ABF8
b1913	P0A8G0
b1914	P0AED5
b1915	P0AD07
b1916	P07026
b1917	P37774
b1918	P0AFT2
b1919	P76316
b1920	P0AEM9
b1921	P52627
b1922	P0AEM6
b1923	P04949
b1924	P24216
b1925	P26608
b1926	P0ABY2
b1927	P26612
b1928	P31063
b1929	P31064
b1930	P0AA31
b1931	P76318
b1932	P76319
b1937	P0A8T5
b1938	P25798
b1939	P0ABZ1
b1940	P31068
b1941	P52612
b1942	P52613
b1943	P52614
b1944	P0ABX8
b1945	P06974
b1946	P15070
b1947	P22586
b1948	P0AC05
b1949	P0AC07
b1950	P33135
b1951	P69405
b1952	P0AEG8
b1953	P64519
b1955	P76329
b1956	P76330
b1957	P64517
b1958	P46125
b1959	P0AA70
b1960	P09184
b1961	P0AED9
b1962	P46144
b1963	P76334
b1967	P31658
b1968	P76339
b1969	P76340
b1970	P76341
b1971	P76342
b1972	P76343
b1973	P76344
b1974	P76345
b1976	P76346
b1978	P76347
b1981	P76350
b1982	P0AE12
b1983	P0A8A2
b1985	P76352
b1987	Q47083
b1988	Q47005
b1990	P39176
b1991	P36562
b1992	P36561
b1993	P0AE76
b1994	P0CE53
b1996	P0CF55
b1997	P0CF42
b2000	P39180
b2001	P76361
b2002	P76362
b2003	P64521
b2004	P76364
b2005	P64524
b2007	P0A8M6
b2008	P33011
b2009	P33012
b2010	P33013
b2011	P04995
b2012	P33014
b2013	P33015
b2014	P0AA47
b4678	C1P606
b2015	P76369
b2016	P0AD12
b4539	P69348
b2017	P69346
b2018	P60995
b2019	P60757
b2020	P06988
b2021	P06986
b2022	P06987
b2023	P60595
b2024	P10371
b2025	P60664
b2026	P06989
b2027	P76372
b2028	P76373
b2029	P00350
b2030	P0CE54
b2032	P37751
b2033	P37750
b2034	P37749
b2035	P37748
b2036	P37747
b2037	P37746
b2038	P37745
b2039	P37744
b2040	P37760
b2041	P37759
b2042	P0AAB6
b2043	P71244
b2044	P71243
b2045	P71242
b2046	P77377
b2047	P71241
b2048	P24175
b2049	P24174
b2050	P32057
b2051	P32056
b2052	P32055
b2053	P0AC88
b2054	P0ACD2
b2055	P71239
b2056	P71238
b2057	P71237
b2058	P0ACC9
b2059	P77414
b2060	P76387
b2061	P0AAB2
b2062	P0A930
b2063	P76389
b2064	P28249
b2065	P28248
b2066	P0A8F4
b2067	P38097
b2068	P04395
b2069	P36928
b2070	P76393
b2071	P76394
b2072	P76395
b2073	P76396
b4667	C1P607
b4668	C1P608
b2074	P76397
b2075	P76398
b2076	P76399
b2077	P36554
b2078	P30847
b2079	P69228
b2080	P76402
b2081	P76403
b2082	P37057
b2085	P76406
b2086	P76407
b2088	P0CF70
b2089	P0CF83
b2091	P0A9S3
b2093	P37188
b2094	P69828
b2095	P0C8J8
b2096	P0C8J6
b2097	P0A991
b2098	P76417
b2099	P76418
b2100	P76419
b2101	P0ACM5
b2102	P76421
b2103	P76422
b2104	P76423
b2105	P64530
b2106	P76425
b2107	P64534
b2108	P33340
b2109	P33341
b2110	P33342
b2111	P33343
b2112	P33344
b2113	P0AF08
b2114	P00959
b2118	P33346
b4541	P33347
b2119	P33348
b2120	P33349
b2121	P33352
b2123	P33354
b2124	P33355
b2125	P0AFT5
b2126	P0AD14
b2127	P33358
b4542	Q2EES6
b2128	P33359
b2129	P33360
b2130	P33361
b2131	P33362
b2132	P33363
b2133	P06149
b2134	P0AFI5
b2135	P0AD17
b2136	P33366
b2137	P33368
b4679	C1P609
b2140	P33371
b2141	P60632
b2142	P0AD19
b2143	P0ABF6
b2144	P0AFY2
b2145	P64536
b2146	P76440
b2147	P25889
b2148	P23200
b2149	P0AAG8
b2150	P0AEE5
b2151	P25748
b2152	P25747
b2153	P0A6T5
b2154	P33018
b2155	P17315
b2156	P25737
b2157	P0ACR4
b2158	P62723
b2159	P0A6C1
b2160	P33020
b2161	P33021
b2162	P33022
b2163	P0A9E9
b2164	P33024
b2165	P33025
b2166	P30235
b2167	P20966
b2168	P0AEW9
b2169	P69811
b2170	P33026
b4502	P0AFT8
b2171	P0A6N8
b2172	P33029
b2173	P33030
b2174	P76445
b2175	P0AFV4
b2176	P76446
b2177	P33913
b2178	P0AFU0
b2179	P33915
b2180	P33916
b2181	P0AD21
b2182	P28246
b2183	P0AA43
b2184	P33919
b2185	P68919
b2186	P33920
b2187	P0AD24
b2188	P0AD27
b2192	P0CE55
b2193	P31802
b2194	P0ABM9
b2195	P0AA86
b2196	P33927
b2197	P69490
b2198	P0ABM5
b2199	P0ABM1
b2200	P0ABL8
b2201	P33931
b2202	P0ABL5
b2203	P0ABL3
b2204	P33934
b2205	P0AAL3
b2206	P33937
b2207	P0A9I5
b2208	P0AAL0
b2209	P23827
b2210	P33940
b2211	P33941
b2212	P05050
b2213	P06134
b2214	P0AB85
b2215	P06996
b2216	P39838
b2217	P69407
b2218	P14376
b2219	Q06067
b2220	Q06065
b2221	P76458
b2222	P76459
b2223	P76460
b2224	P76461
b2225	P76462
b2226	P76463
b2229	P76466
b2230	P17994
b2231	P0AES4
b2232	P17993
b2233	P45508
b2234	P00452
b2235	P69924
b2236	P0ABW3
b2237	P27294
b2239	P09394
b2240	P08194
b2241	P0A9C0
b2242	P13033
b2243	P0A996
b2244	P37014
b4543	b4543
b2245	P76469
b2246	P76470
b2247	P77215
b2248	P77732
b2249	P77808
b2250	P76471
b2251	P52006
b2252	P45565
b2253	P77690
b2254	P77757
b2255	P77398
b2256	P76472
b2257	P76473
b4544	Q47377
b2258	P76474
b2259	P37590
b2260	P37353
b2261	P29208
b2262	P0ABU0
b2263	P37355
b2264	P17109
b2265	P38051
b2266	P0AEH5
b2267	P0AEH3
b2268	P0A8V0
b2269	Q47013
b2270	P76481
b2271	P76482
b2272	P76483
b2273	P76484
b2274	P76485
b2275	P76486
b2276	P0AFF0
b2277	P0AFE8
b2278	P33607
b2279	P0AFE4
b2280	P0AFE0
b2281	P0AFD6
b2282	P0AFD4
b2283	P33602
b2284	P31979
b2285	P0AFD1
b2286	P33599
b2287	P0AFC7
b2288	P0AFC3
b2289	P36771
b2290	P0A959
b2291	P76491
b2292	P0AFU2
b2293	P77625
b2294	P0A8W8
b2295	P0A8D9
b2296	P0A6A3
b2297	P0A9M8
b2298	P39263
b2299	P65556
b2300	P67095
b2301	P77544
b2302	P77526
b2303	P0AC19
b2304	P77775
b2305	P77768
b2306	P07109
b2307	P0AEU3
b2308	P52094
b2309	P0AEU0
b2310	P09551
b2311	P0AG03
b2312	P0AG16
b2313	P08550
b2314	P09549
b2315	P08192
b2316	P0A9Q5
b2317	P0ABP6
b2318	P07649
b2319	P08390
b2320	P05459
b2321	P15286
b2322	P77549
b2323	P0A953
b2324	P77182
b2325	P64540
b2326	P76938
b2327	P0AD30
b2328	P0C0T5
b2329	P12008
b2330	P39199
b2331	P0A8B2
b2332	P76498
b2333	P76499
b2334	P76500
b2335	P76501
b2336	P77599
b2339	P77288
b2340	P76502
b2341	P77399
b2342	P76503
b2343	P0AD33
b2344	P10384
b2345	P76505
b2346	P76506
b2347	P37327
b2349	P37326
b2350	P77682
b2351	P77293
b2352	P76507
b2354	P77656
b2357	P76510
b2359	P76512
b2360	P76513
b2361	P76514
b2362	P76515
b2363	P76516
b4501	Q2EES9
b2364	P46068
b2365	P08555
b2366	P00926
b2367	P52600
b2368	P52599
b2369	P0ACZ4
b2370	P30855
b2371	P76518
b2372	P0AA49
b2373	P0AFI0
b2374	P69902
b2375	P76520
b2376	O32528
b2377	P76521
b2378	P0ACV2
b4680	C1P610
b2379	P77434
b2380	P0AA93
b2381	P0AE39
b2382	P77396
b2383	P77439
b2384	P77585
b2385	P76524
b2386	P77579
b2387	P69808
b2388	P0A6V8
b2389	P67729
b2390	P64542
b2392	P0A769
b2393	P0AFF2
b2394	P0CF93
b2395	P23842
b2398	P0AD37
b2399	P27238
b2400	P04805
b2405	P23841
b2406	P45562
b2407	P45563
b2408	P45564
b2409	P0ACR7
b2410	P39836
b4546	P0AD40
b2411	P15042
b2412	P77173
b2413	P0A6J3
b2414	P0ABK5
b2415	P0AA04
b2416	P08839
b2417	P69783
b2418	P40191
b2419	Q47702
b2420	P78271
b2421	P16703
b2422	P16676
b2423	P0AEB0
b2424	P16701
b2425	P16700
b2426	P37440
b2427	P77245
b2428	P76535
b2429	P77272
b2430	P77619
b2431	P76536
b2432	P76537
b2433	P76538
b2434	P76539
b2435	P36548
b2436	P36553
b2437	P36547
b2438	P76540
b2439	P76541
b2440	P19636
b2441	P0AEJ6
b2442	P76542
b2443	P76543
b2444	P76544
b2445	P76545
b2446	P76546
b2447	P76547
b2448	P76548
b2449	P76549
b2450	P76550
b2451	P76551
b2452	P76552
b2453	P76553
b2454	P77277
b2455	P77445
b2456	P0AEJ8
b2457	P0ABF4
b2458	P77218
b2459	P65643
b2460	P76555
b2461	P76556
b2462	P63746
b2463	P76558
b2464	P0A867
b2465	P33570
b2466	P76559
b2467	P37128
b2468	P37127
b2469	P27896
b2470	P24177
b4606	A5A621
b2471	P24178
b2472	P0AED7
b4547	Q2EET2
b2473	P76561
b2474	P76562
b2475	P64429
b2476	P0A7D7
b2477	P0A903
b2478	P0A6L2
b2479	P0A9I3
b2480	P0AE52
b2481	P23481
b2482	P23482
b2483	P77858
b2484	P77416
b2485	P0AEW1
b2486	P77437
b2487	P77329
b2488	P77423
b2489	P77668
b2490	P77453
b2491	P71229
b2492	P77733
b2493	P0AFI9
b2494	P66948
b2495	P76569
b2496	P69931
b2497	P0AGM7
b2498	P0A8F0
b2499	P08178
b2500	P08179
b2501	P0A7B1
b2502	P0AFL6
b2503	P77172
b2504	P64545
b2505	P65290
b2506	P76573
b2507	P04079
b2508	P0ADG7
b2509	P04994
b2510	P76575
b2511	P0A6P5
b2512	P77774
b2513	P76576
b2514	P60906
b2515	P62620
b2516	P27434
b2517	P36979
b2518	P0A763
b2519	P76577
b2520	P76578
b2521	P31142
b2522	P0AFZ1
b2523	P37095
b2524	P0C0L9
b2525	P0A9R4
b2526	P0A6Z1
b2527	P0A6L9
b2528	P0AAC8
b2529	P0ACD4
b2530	P0A6B7
b2531	P0AGK8
b2532	P0AE01
b2533	P0ADG4
b2534	P77538
b2535	P54901
b2536	Q47142
b2537	Q47141
b4706	b4706
b2538	P0ABR5
b2539	Q47140
b2540	P0ABW0
b2541	P0CI31
b2542	P77650
b2543	P0AD47
b2544	P76584
b2545	P77360
b2546	P77315
b2547	P77509
b2548	P77269
b2549	P76585
b2550	P76586
b2551	P0A825
b2552	P24232
b2553	P0A9Z1
b2554	P0AFU4
b2555	P0AD44
b2556	P52101
b2557	P15254
b2558	P0AGC5
b2559	P68398
b2560	P0AD42
b2561	P37767
b2562	P52102
b4687	C1P611
b2563	P24224
b2564	P0A794
b2565	P0A7H3
b2566	P06616
b2567	P0A7Y0
b2568	P00803
b2569	P60785
b2570	P46187
b2571	P0AFX9
b2572	P0AFX7
b2573	P0AGB6
b2574	P10902
b2575	P31825
b2576	P21507
b2577	P33634
b2578	P38101
b2579	P68066
b2580	P12295
b2581	P0AGJ5
b2582	P0AGG4
b2583	Q47319
b2584	P76594
b2585	P23830
b2586	P46126
b2587	P0AEX3
b2592	P63284
b2593	P33644
b2594	P33643
b2595	P0AC02
b2597	P0AD49
b2598	P0AD72
b2599	P0A9J8
b2600	P07023
b2601	P00888
b2602	P11289
b2603	P64548
b2604	P46139
b2605	P07021
b2606	P0A7K6
b2607	P0A873
b2608	P0A7X6
b2609	P0A7T3
b2610	P0AGD7
b2611	P64432
b4461	P37908
b2614	P09372
b2615	P0A7B3
b2616	P05824
b2617	P0A937
b2618	P52119
b2619	P0AGL5
b2620	P0A832
b2622	P32053
b2623	P52123
b2624	P33997
b2625	P52124
b2626	P52125
b2627	P52126
b2628	P52127
b2629	P52128
b2630	P52129
b2631	P52130
b2632	P52131
b2633	P52132
b2634	P52133
b2635	P52134
b2636	O52982
b2637	P52135
b2642	P52138
b2643	P52139
b2644	P52140
b4548	P58033
b2645	P52141
b2646	Q46953
b2647	P52143
b2659	P76621
b2660	P37339
b2661	P25526
b2662	P22256
b2663	P25527
b2664	P37338
b2665	P0ADE6
b2666	P0AE42
b2667	P77295
b2668	P55734
b2669	P0ACG1
b2670	P64550
b2671	P0AD53
b2672	P0ADQ7
b2673	P0AC65
b2674	P0A772
b2675	P39452
b2676	P37146
b2677	P14175
b2678	P14176
b2679	P0AFM2
b2682	P76630
b2683	P43667
b2684	P0ACR9
b2685	P27303
b2686	P0AEJ0
b2687	P45578
b2688	P0A6W9
b2689	P0ADR0
b2690	P77475
b2696	P69913
b2697	P00957
b2698	P33596
b2699	P0A7G6
b2700	P0A6G3
b2701	P41052
b2702	P56579
b2703	P56580
b2704	P05706
b2705	P05707
b2706	P15081
b2707	P15082
b2708	P17115
b2709	P37013
b2710	Q46877
b2711	P37596
b2712	P30131
b2713	P0AAK4
b2714	P24242
b2715	P24241
b2716	P24240
b2717	P0AEV9
b2718	P0AEV7
b2719	P16433
b2720	P16432
b2721	P16431
b2722	P16430
b2723	P16429
b2724	P0AAK1
b2725	P0AEV4
b2726	P0A700
b2727	P0AAN3
b2728	P0AAM3
b2729	P24192
b2730	P24193
b2731	P19323
b2732	P25728
b2733	P23909
b2734	P55799
b2735	P52598
b2736	Q46888
b2737	Q46889
b2738	Q46890
b2739	Q46891
b2740	Q46892
b2741	P13445
b2742	P0ADA3
b2743	P0A7A5
b2744	P0A840
b2745	Q57261
b2746	P62617
b2747	Q46893
b2748	P0A6S5
b2749	P46141
b2750	P0A6J1
b2751	P23845
b2752	P21156
b2753	P10423
b2754	P45956
b2755	Q46896
b2756	Q46897
b2757	Q46898
b2758	Q46899
b2759	P76632
b2760	Q46901
b2761	P38036
b2762	P17854
b2763	P17846
b2764	P38038
b2765	P65870
b2766	Q46904
b2767	Q46905
b2768	Q46906
b2769	Q46907
b2770	Q46908
b2771	Q46909
b4463	Q46911
b2774	P76633
b2775	P77031
b2776	P55138
b2777	P64554
b4682	C1P612
b2778	P55140
b2779	P0A6P9
b2780	P0A7E5
b2781	P0AEY3
b2782	P0AE70
b2783	P0AE72
b2784	P0AG20
b2785	P55135
b2786	P0AEC5
b2787	P0AES2
b2788	Q46915
b2789	Q46916
b2790	P65367
b2791	P0AA41
b2792	Q46919
b2793	P0A8U0
b2794	Q46920
b2795	P0ADR8
b2796	P0AAD6
b2797	P30744
b2798	P38506
b2799	P0A9S1
b2800	P0AB87
b2801	P11551
b2802	P69922
b2803	P11553
b2804	P0AEN8
b2805	P0ACK8
b2806	P0ADR6
b2807	P0ADR2
b2808	P0A9F6
b2809	P65292
b2810	Q46925
b2811	P0AGF2
b2812	Q46927
b2813	P0A935
b2817	P63883
b2818	P0A6C5
b2819	P04993
b2820	P08394
b2821	P05458
b2822	P07648
b2823	P08372
b2824	P08370
b2825	P08371
b2826	P33554
b2827	P0A884
b2828	P60955
b2829	P37177
b2830	P0A776
b2831	P06722
b2832	P67127
b2833	P65294
b2834	P0A9T4
b2835	P39196
b2836	P31119
b2837	P03024
b2838	P00861
b2839	P03030
b2840	P03813
b2841	P0AE24
b2842	P37769
b2843	Q46938
b2844	Q46939
b2845	P63340
b2846	Q46941
b2847	Q46942
b2848	Q46943
b4683	C1P613
b2849	P77136
b2851	Q46787
b2852	P76639
b2853	Q46789
b2860	P0CF56
b2861	P0CF43
b2865	Q46798
b2866	Q46799
b2867	Q46800
b2868	Q46801
b2869	Q46802
b2870	Q46803
b2871	P66899
b2872	P65807
b2873	Q46806
b2874	Q46807
b2875	Q46808
b2876	Q46809
b2877	Q46810
b2878	Q46811
b2879	Q46812
b2880	P64557
b2881	Q46814
b2882	P67444
b2883	P76641
b4464	Q46817
b2886	Q46819
b2887	Q46820
b2888	Q46821
b4684	C1P614
b2889	Q46822
b2890	P0A8N3
b2891	P07012
b2892	P21893
b2893	P0AEG6
b2894	P0A8P8
b2895	P0ABY4
b2896	Q46824
b2897	P64559
b2898	P0ADE8
b2899	P67153
b2900	P67603
b2901	Q46829
b2902	P52037
b2903	P33195
b2904	P0A6T9
b2905	P27248
b2906	P25535
b2907	P25534
b2908	P15034
b2909	P0A8C4
b2910	P0ADS2
b2912	P0AC28
b4665	C1P615
b2913	P0A9T0
b2914	P0A7Z0
b2916	P0A8S1
b2917	P27253
b2918	P27254
b2919	P52045
b2920	P52043
b2921	P52044
b2922	P0ADS6
b2923	P11667
b2924	P0C0S1
b2925	P0AB71
b2926	P0A799
b2927	P0A9B6
b2928	P11664
b2929	P11663
b2930	P21437
b4465	P52048
b2933	P69826
b2934	P69824
b2935	P27302
b2936	P25894
b2937	P60651
b2938	P21170
b2939	P64567
b2940	P64570
b2942	P0A817
b2943	P0AEP1
b2944	P39902
b2945	P25736
b2946	P0AGL7
b2947	P04425
b2948	P0A8W5
b2949	P0A8I1
b2950	P52052
b2951	P67080
b2952	P64564
b2953	P52060
b2954	P52061
b2955	P52062
b2956	P46142
b2957	P00805
b2958	P0ADS9
b2959	P38521
b2960	P0A8I5
b2961	P17802
b2962	P0A8P3
b2963	P0C066
b2964	P0AFF4
b2965	P21169
b2966	Q46831
b2968	Q46832
b2971	Q46835
b2972	Q46836
b4466	P0CK95
b2975	Q46839
b2976	P37330
b2977	P0AEQ1
b4467	P52074
b4468	P52073
b2979	P0AEP9
b2980	P0ACL5
b2982	P0CE56
b2983	Q46841
b2984	P64572
b2985	Q46843
b2986	Q46844
b2987	P43676
b2988	P0AES0
b2989	Q46845
b2990	P0AAM7
b2991	P0A703
b2992	P0AAN1
b2993	P37182
b2994	P0ACE0
b2995	P37180
b2996	P0AAJ8
b2997	P69741
b2998	P64574
b3001	Q46851
b3002	P67244
b3003	P0AG84
b3005	P0ABV2
b3006	P0ABU7
b3008	P06721
b3009	P0AA60
b3010	Q46855
b3011	Q46856
b3012	Q46857
b3013	Q46858
b3014	P65298
b4469	Q46861
b3017	P26648
b3018	P26647
b3019	P0AFI2
b3020	Q46863
b3021	Q46864
b3022	Q46865
b3023	Q46866
b3024	P0ADU5
b3025	P52076
b3026	P40719
b3027	Q46867
b3028	P0AEY5
b3029	P0ADU2
b3030	P20083
b3031	P0A8Z7
b3032	P0AEW4
b3033	P0ADU7
b3034	Q93K97
b3035	P02930
b3037	P0ADT2
b3038	P0ADT5
b3039	P24197
b3040	P0A8H3
b3041	P0A7J0
b3042	Q46868
b3043	P39834
b3044	P0CF44
b3045	P0CF57
b3047	P77616
b3048	P76656
b3049	P26649
b3050	P76657
b3051	P77306
b4664	C1P616
b4666	C1P617
b3052	P76658
b3053	P30870
b3054	P30871
b3055	P0ADT8
b3056	P06961
b3057	P60932
b3058	P0AC16
b3059	P60782
b3060	P45463
b3061	P05847
b3062	P0AC35
b3063	P39414
b3064	P05852
b3065	P68679
b3066	P0ABS5
b3067	P00579
b3068	P0A9H1
b3070	Q46871
b3071	P64588
b3072	P50466
b3073	P42588
b3074	P42589
b3075	P06846
b3076	P06864
b3077	P0AC73
b3078	P42590
b3079	P42591
b3080	P42592
b3081	P42593
b3082	P67701
b3083	P64578
b3084	P42596
b3085	P42597
b3086	P42598
b3087	P42599
b3088	P42601
b3089	P0AGE4
b3090	P42603
b3091	P42604
b3092	P0A8G3
b3093	P0AA78
b3094	P0ACL2
b3095	P0AA63
b3096	P42615
b3097	P42616
b3098	P64581
b3099	P64585
b3100	Q47710
b3101	P42619
b3102	P42620
b3103	P64590
b3104	P64592
b3105	P67660
b3106	P42624
b3107	P42625
b4470	P42626
b3110	P42628
b4471	P42630
b3113	P0AGL2
b3114	P42632
b3115	P11868
b3116	P0AAD8
b3117	P0AGF6
b3118	P0ACQ7
b3119	P11866
b3120	P11865
b3121	P11864
b3124	P23524
b3125	P0ABQ2
b3126	P23522
b3127	P0AA80
b3128	P39829
b3129	P15373
b3130	P64594
b3131	P0ACK2
b3132	P0C8K0
b3133	P42904
b3136	P42907
b3137	P0AB74
b3138	P42909
b3139	P42910
b3140	P42911
b3141	P42912
b3142	P42913
b3143	P42914
b3144	P42915
b3145	P43319
b3146	P67087
b3147	P45464
b3148	P45465
b3149	P66817
b3150	P64596
b3151	P45468
b3152	P45469
b3153	P45470
b3154	P67762
b3155	P45472
b3156	P63417
b3157	P64599
b3158	P45527
b3159	P45475
b3160	P0ADV5
b3161	P0AAD2
b3162	P0A9P6
b4685	C1P618
b3163	P0AFB1
b3164	P05055
b3165	P0ADZ4
b3166	P60340
b3167	P0A7G2
b3168	P0A705
b3169	P0AFF6
b3170	P0A8A8
b3172	P0A6E4
b3173	P42640
b3175	P0AG99
b3176	P31120
b3177	P0AC13
b3178	P0AAI3
b3179	P0C0R7
b3180	P0AGK4
b3181	P0A6W5
b3182	P24228
b3183	P42641
b3184	P0AA73
b3185	P0A7L8
b3186	P0AG48
b3187	P0AD57
b3188	P0ACH1
b3189	P0A749
b3190	P0A9W6
b3191	P64602
b3192	P0ADV7
b3193	P64604
b3194	P64606
b3195	P63386
b3196	P45394
b3197	P45395
b3198	P0ABZ4
b3199	P0ADV9
b3200	P0ADV1
b3201	P0A9V1
b3202	P24255
b3203	P0AFX0
b3204	P69829
b3205	P0A894
b3206	P0A9N0
b3207	P64610
b3208	P46022
b3209	P0ABU5
b3210	P0AEC3
b3211	P0ADW6
b3212	P09831
b3213	P09832
b3214	P28721
b3215	P28722
b3216	P45420
b3218	P0CE57
b3219	P45422
b3220	P45423
b3221	P45424
b3222	P45425
b3223	P0A761
b3224	P41036
b3225	P0A6L4
b3226	P0A8W0
b3227	P45428
b3228	P0AFZ3
b3229	P0ACA3
b3230	P0A7X3
b3231	P0AA10
b3232	P64612
b3233	P0ADW3
b3234	P39099
b3235	P0AEE3
b3236	P61889
b3237	P0A6D0
b3238	P64614
b3239	P64616
b3240	P46481
b3241	P46482
b3242	P46478
b3243	P67662
b3244	P0AGG8
b4472	P46474
b3247	P0A9J0
b3248	P25536
b3249	P0ABH4
b3250	P16926
b3251	P0A9X4
b3252	P13518
b3253	P26646
b3255	P0ABD8
b3256	P24182
b3257	P45566
b3258	P16256
b3259	P0A8T1
b3260	P0ABT5
b3261	P0A6R3
b3262	P28638
b3263	P64619
b3264	P0ACT2
b3265	P24180
b3266	P24181
b3267	P64622
b3269	P45767
b3270	P45768
b3271	P45769
b3279	P0A9W9
b3280	P45795
b3281	P15770
b3282	P45748
b3283	P45771
b3284	P0A828
b4473	P30852
b3287	P0A6K3
b3288	P23882
b3289	P36929
b3290	P0AGI8
b3291	P0A742
b4550	P36675
b3292	P0ACS5
b3293	P36677
b3294	P0AG44
b3295	P0A7Z4
b3296	P0A7V8
b3297	P0A7R9
b3298	P0A7S9
b3299	P0A7Q6
b3300	P0AGA2
b3301	P02413
b3302	P0AG51
b3303	P0A7W1
b3304	P0C018
b3305	P0AG55
b3306	P0A7W7
b3307	P0AG59
b3308	P62399
b3309	P60624
b3310	P0ADY3
b3311	P0AG63
b3312	P0A7M6
b3313	P0ADY7
b3314	P0A7V3
b3315	P61175
b3316	P0A7U3
b3317	P60422
b3318	P0ADZ0
b3319	P60723
b3320	P60438
b3321	P0A7R5
b3322	P03825
b3323	P45756
b3324	P45757
b3325	P45758
b3326	P45759
b3327	P41441
b3328	P41442
b3329	P41443
b3330	P45760
b3331	P45761
b3332	P45762
b3333	P45763
b3334	P36678
b3335	P25960
b3336	P0ABD3
b3337	P0AE56
b3338	P13656
b3339	P0CE47
b3340	P0A6M8
b3341	P02359
b3342	P0A7S3
b3343	P45530
b3344	P45531
b3345	P45532
b3346	P64624
b3347	P45523
b3348	P0A8R4
b3349	P0A9K9
b4551	P0ADW8
b3350	P45522
b3351	P0A756
b3352	P63389
b3353	P45524
b3354	P67624
b3355	P0AEX5
b3356	P0ADX1
b3357	P0ACJ8
b3358	P45537
b3359	P18335
b3360	P00903
b3361	P20605
b3362	P0ADX5
b3363	P0AFL3
b3364	P60778
b3365	P08201
b3366	P0A9I8
b3367	P0AC26
b3368	P0AEA8
b3369	P64627
b3370	P45539
b3371	P0AC00
b4474	P45541
b3374	P45543
b3375	P45544
b3376	P45545
b3377	P45546
b3378	P64631
b3379	P45548
b3380	P45549
b3381	P45550
b3382	P45551
b3383	P45552
b3384	P00954
b3385	P32662
b3386	P0AG07
b3387	P0AEE8
b3388	P11557
b3389	P07639
b3390	P0A6D7
b3391	P34749
b3392	P45750
b3393	P45751
b3394	P64634
b3395	P45753
b3396	P02918
b3397	P45799
b3398	P45800
b3399	P64636
b3400	P0ACG8
b3401	P0A6Y5
b3402	P45804
b3403	P22259
b3404	P0AEJ4
b3405	P0AA16
b3406	P30128
b3407	P46837
b3408	P0AEL3
b3409	P33650
b3410	P64638
b3411	P31667
b3412	P13001
b3413	P46846
b3414	P63020
b3415	P39835
b3416	P15977
b3417	P00490
b3418	P06993
b4475	P46849
b3421	P46850
b3422	P38035
b3424	P09391
b3425	P0A6V5
b3426	P13035
b3428	P0AC86
b3429	P0A6U8
b3430	P0A6V1
b3431	P15067
b3432	P07762
b3433	P0A9Q9
b3434	P67143
b4476	P0AC96
b3437	P46859
b3438	P0ACP5
b3439	P46852
b3440	P46853
b3441	P46854
b3442	P46855
b3444	P0CF11
b3445	P0CF28
b3446	P46857
b3447	P18956
b3448	P0ADX7
b3449	P10908
b3450	P10907
b3451	P10906
b3452	P10905
b3453	P0AG80
b3454	P22731
b3455	P0A9S7
b3456	P22729
b3457	P0AEX7
b3458	P04816
b3459	P37613
b3460	P0AD96
b3461	P0AGB3
b3462	P0AC30
b3463	P0A9R7
b3464	P10121
b3465	P0ADX9
b3466	P37614
b3467	P37615
b3468	P0ADI9
b3469	P37617
b3470	P0A890
b3471	P37619
b3472	P0AEE1
b3473	P37621
b3474	P0AGM0
b3475	P37623
b3476	P33590
b3477	P33591
b3478	P0AFA9
b3479	P33593
b3480	P33594
b3481	P0A6Z6
b3482	P16917
b3483	P28911
b3484	P28912
b3485	P0AGH1
b3486	P37624
b3487	P37626
b3488	P37627
b3491	P37630
b3492	P37631
b3493	P0AFJ7
b3494	P0A8S5
b3495	P0AED0
b3496	P36837
b3497	P68567
b3498	P27298
b3499	P37634
b3500	P06715
b4613	A5A624
b3501	P37309
b3502	P0AB93
b3503	P0AB96
b3505	P0CE58
b3506	P37194
b3507	P37195
b3508	P0AFV2
b3509	P0AET2
b3510	P0AES9
b3511	P0AET5
b3512	P63204
b3513	P37636
b3514	P37637
b3515	P63201
b3516	P37639
b3517	P69908
b3518	P37197
b3519	P62601
b3520	P37640
b3521	P37641
b3522	P37642
b3523	P37643
b3524	P37645
b3525	P37646
b3526	P37647
b3527	P37648
b3528	P0A830
b3529	P37649
b3530	P37650
b3531	P37651
b3532	P37652
b3533	P37653
b3535	P0ADJ3
b3536	P37657
b3537	P0ADJ5
b3538	P37659
b4453	Q6BF25
b3539	P37660
b3540	P37313
b3541	P0AAG0
b3542	P0AEG1
b3543	P0AEF8
b3544	P23847
b3546	P37661
b3547	P37662
b3548	P37663
b3549	P05100
b3550	P37664
b3551	P20099
b3552	P37665
b3553	P37666
b3554	P0ADK0
b3555	P0A9V5
b3556	P0A9X9
b4455	P37305
b3557	P19768
b3558	P19769
b3559	P00961
b3560	P00960
b4553	Q2M7M3
b3561	P37669
b3562	P0ADJ8
b3563	P11286
b3564	P09099
b3565	P00944
b3566	P37387
b3567	P37388
b3568	P0AGI4
b3569	P0ACI3
b3570	P27297
b3571	P25718
b3572	P09053
b3573	P56256
b3574	P37671
b3575	P37672
b3576	P37673
b3577	P37674
b3578	P37675
b3579	P37676
b3580	P37677
b3581	P37678
b3582	P37679
b3583	P37680
b3584	P37681
b3585	P37682
b3586	P37683
b3587	P0ADK4
b3588	P37685
b3589	P37686
b3590	P14081
b3591	P0A821
b3592	P0ACA1
b3593	P16916
b3594	P0ADK6
b3596	P32106
b3597	P0AFV0
b3598	P32108
b3599	P00550
b3600	P09424
b3601	P0AF10
b4554	Q2M7R5
b3602	P0ADK8
b3603	P33231
b3604	P0ACL7
b3605	P33232
b3606	P0AGJ7
b3607	P0A9D4
b3608	P0A6S7
b3609	P0AG86
b3610	P0AC62
b3611	P0AG27
b3612	P37689
b3613	P37690
b3614	P37691
b3615	P11290
b3616	P07913
b3617	P0AB77
b3618	P25666
b3619	P67910
b3620	P37692
b3621	P24173
b3622	P27243
b3623	P27242
b3624	P27241
b3625	P27240
b3626	P27129
b3627	P27128
b3628	P27127
b3629	P27126
b3630	P25741
b3631	P25740
b3632	P25742
b3633	P0AC75
b3634	P0A6I6
b3635	P05523
b3636	P0A7N9
b3637	P0A7M2
b3638	P25531
b3639	P0ABQ0
b3640	P06968
b3641	P0C093
b3642	P0A7E3
b3644	P23839
b3645	P23840
b3646	P0AGM2
b3647	P25772
b3648	P60546
b3649	P0A800
b3650	P0AG24
b3651	P0AGJ2
b3652	P24230
b3653	P0AER8
b3654	P0AGM9
b3655	P31433
b3656	P31434
b3657	P31435
b3659	P31436
b3660	P31437
b3661	P04846
b4555	Q2M7X4
b3662	P0ADL1
b3663	P0ADL3
b3664	P31440
b3665	P31441
b3666	P0AGC0
b3667	P09836
b3668	P09835
b3669	P0AGA6
b3670	P0ADF8
b3671	P08142
b3672	P03061
b4618	A5A627
b3673	P31442
b3674	P31443
b3675	P0ADL6
b3676	P0ADM0
b3677	P31446
b3678	P31447
b3679	P31448
b3680	P31449
b3684	P31453
b3685	P60872
b3686	P0C058
b3687	P0C054
b3688	P0ADM4
b3689	P31455
b3690	P31456
b3691	P0AA76
b4478	Q6BF17
b4477	Q6BF16
b3693	P31459
b4479	P31460
b3696	P0ADM6
b3697	P0A8Y5
b3698	P09996
b3699	P0AES6
b3700	P0A7H0
b3701	P0A988
b3702	P03004
b3703	P0A7P5
b3704	P0A7Y8
b4557	P0A8C8
b3705	P25714
b3706	P25522
b3707	P0AD89
b3708	P0A853
b3709	P23173
b3710	P31462
b3711	P31463
b3712	P0ADM8
b3713	P0AGE6
b3714	P31466
b3715	P31467
b3716	P31468
b3717	P31469
b3718	P31470
b3719	P31471
b3720	P26218
b3721	P11988
b3722	P08722
b3723	P11989
b3724	P0A9K7
b3725	P0AAH0
b3726	P07654
b3727	P0AGH8
b3728	P0AG82
b3729	P17169
b3730	P0ACC7
b3731	P0A6E6
b3732	P0ABB4
b3733	P0ABA6
b3734	P0ABB0
b3735	P0ABA4
b3736	P0ABA0
b3737	P68699
b3738	P0AB98
b3739	P0ABC0
b3740	P0A6U5
b3741	P0A6U3
b3742	P03817
b3743	P0ACI6
b3744	P00963
b3745	P0ADN0
b3746	P31473
b3747	P63183
b3748	P04982
b3749	P04983
b3750	P0AGI1
b3751	P02925
b3752	P0A9J6
b3753	P0ACQ0
b3754	P31474
b3755	P31475
b4480	P0A8R9
b3764	P0ADN2
b3765	P22787
b3766	P62522
b4669	C1P619
b3769	P0ADG1
b3770	P0AB80
b3771	P05791
b3772	P04968
b3773	P05827
b3774	P05793
b3775	P0A9L5
b3778	P09980
b3779	P25552
b3780	P0A8J8
b3781	P0AA25
b3783	P0AG30
b3784	P0AC78
b3785	P0AG00
b3786	P27828
b3787	P27829
b3788	P27830
b3789	P61887
b3790	P27832
b3791	P27833
b3792	P0AAA7
b4481	P56258
b3793	P27835
b3794	P27836
b3795	P27837
b3800	P25550
b3801	P25549
b3802	P0ACB7
b3803	P09127
b3804	P09126
b3805	P06983
b3806	P00936
b3807	P27838
b4558	P0ADN6
b3809	P0A6K1
b3810	P23305
b3811	P0A8P6
b3812	P0ADP0
b3813	P03018
b4482	P27840
b3816	P0ABI4
b3817	P27842
b3818	P27843
b3819	P27844
b3820	P0ADP2
b3821	P0A921
b3822	P15043
b3823	P0AG38
b3824	P0AG34
b3825	P07000
b3826	P27848
b3827	P0ADP5
b3828	P0A9F9
b3829	P25665
b3830	P56262
b3831	P12758
b3832	P0AG71
b3833	P0A887
b3834	P0ADP7
b3835	P0A6A0
b3836	P69428
b3838	P69425
b3839	P69423
b4483	P27859
b3842	P0AFW0
b3843	P0AAB4
b3844	P0AEN1
b3845	P21151
b3846	P21177
b3847	P21165
b3848	P27862
b3849	P0AFZ7
b3850	P0ACB4
b3856	P32125
b3857	P32173
b3858	P0ADP9
b3859	P0C0K3
b3860	P0AEG4
b3861	P32128
b3862	P32129
b3863	P00582
b3865	P0A6P7
b3866	P0A8H6
b3867	P32131
b4686	C1P620
b3868	P0AFB8
b3869	P0AFB5
b3870	P0A9C5
b3871	P32132
b3872	P0ACM9
b3873	P32134
b3874	P32135
b3875	P76773
b3876	P32136
b3877	P32137
b3878	P32138
b3879	P32139
b3880	P32140
b3881	P32141
b3882	P0A9V8
b3883	P32143
b3884	P32144
b3885	P0A8Y3
b3886	P0A8K8
b3887	P0A6M4
b3888	P0ADQ2
b3889	P0ADQ5
b3890	P0AFU6
b3891	P13024
b3892	P0AEL0
b3893	P0AAJ5
b3894	P32176
b3895	P32177
b3896	P32151
b3897	P32152
b3898	P32153
b3899	P32154
b3900	P32155
b3901	P32156
b3902	P32169
b3903	P32170
b3904	P32171
b3905	P09377
b3906	P09378
b3907	P27125
b3908	P00448
b3909	P0A712
b3910	P32157
b3911	P0AE82
b3912	P0AE88
b4484	P0AE85
b3915	P69380
b3916	P0A796
b3917	P0AG78
b3918	P06282
b3919	P0A858
b3920	P32160
b3921	P0AF34
b3922	P32162
b3923	P0AAB8
b3924	P28861
b3925	P0A9C9
b3926	P0A6F3
b3927	P0AER0
b3928	P0AF36
b3929	P0A8R0
b3930	P32166
b3931	P0A6H5
b3932	P0A7B8
b3933	P29131
b3934	P0ACN7
b3935	P17888
b3936	P0A7M9
b3937	P32167
b3938	P0A8U6
b3939	P00935
b3940	P00562
b3941	P0AEZ1
b3942	P13029
b3943	P0ABT8
b3944	P32668
b3945	P0A9S5
b3946	P32669
b3947	P32670
b3949	P32672
b3950	P69816
b3951	P32674
b3952	P32675
b3953	P32676
b3954	P32677
b3955	P0CB39
b3956	P00864
b3957	P23908
b3958	P11446
b3959	P0A6C8
b3960	P11447
b3961	P0ACQ4
b3962	P27306
b3963	P0ACU5
b3964	P0AF40
b3965	P23003
b3966	P06129
b3967	P22634
b3972	P08373
b3973	P06709
b3974	P0A6I3
b3980	P0CE48
b3981	P0AG96
b3982	P0AFG0
b3983	P0A7J7
b3984	P0A7L0
b3985	P0A7J3
b3986	P0A7K2
b3987	P0A8V2
b3988	P0A8T7
b3989	P27375
b3990	P30140
b3991	P30139
b4407	O32583
b3992	P30138
b3993	P30137
b3994	P30136
b3995	P0AFX4
b3996	P32664
b3997	P29680
b3998	P68739
b3999	P32680
b4000	P0ACF0
b4001	P32681
b4002	P0AAA9
b4003	P14377
b4004	P14375
b4005	P15640
b4006	P15639
b4011	P09162
b4012	P09163
b4013	P07623
b4014	P08997
b4015	P0A9G6
b4016	P11071
b4017	P23325
b4018	P16528
b4019	P13009
b4020	P0AF43
b4021	P0A7C6
b4022	P32684
b4023	P32685
b4024	P08660
b4025	P0A6T1
b4026	P0AF45
b4027	P32687
b4028	P32688
b4029	P32689
b4620	A5A628
b4030	P0A7C8
b4031	P0AGF4
b4032	P68183
b4033	P02916
b4034	P0AEX9
b4035	P68187
b4036	P02943
b4037	P03841
b4039	P26602
b4040	P0AGK1
b4041	P0A7A7
b4042	P0ABN1
b4043	P0A7C2
b4044	P28303
b4045	P68206
b4046	P0AC51
b4047	P32693
b4048	P32694
b4049	P32695
b4050	P32696
b4051	P28304
b4052	P0ACB0
b4053	P0A6B4
b4054	P04693
b4621	P58036
b4055	P0AE22
b4056	P0AF48
b4057	P0AF50
b4058	P0A698
b4059	P0AGE0
b4060	P32700
b4061	P32701
b4062	P0A9E2
b4063	P0ACS2
b4064	P0AF52
b4065	P32703
b4066	P32704
b4067	P32705
b4068	P0AF54
b4069	P27550
b4070	P0ABK9
b4071	P0ABL1
b4072	P0AAK7
b4073	P32709
b4074	P32710
b4075	P32711
b4076	P32712
b4077	P21345
b4078	P0AF56
b4079	P07658
b4080	P32714
b4081	P32715
b4082	P32716
b4622	A5A630
b4083	P32717
b4084	P32718
b4085	P32719
b4086	P32720
b4087	P32721
b4088	P39265
b4089	P0ACS7
b4090	P37351
b4487	Q6BEX5
b4092	P16692
b4093	P16691
b4094	P16690
b4095	P16689
b4096	P16679
b4097	P16678
b4098	P16688
b4099	P16687
b4100	P16686
b4101	P16685
b4102	P16684
b4105	P16682
b4106	P16677
b4107	P16681
b4108	P0AFJ1
b4109	P16694
b4110	P39267
b4111	P0C0L7
b4703	G3MTW7
b4112	P30844
b4113	P30843
b4114	P30845
b4115	P60061
b4116	P33234
b4117	P28629
b4118	P0ACH8
b4119	P06720
b4120	P02921
b4121	P39270
b4122	P14407
b4123	P0ABN9
b4124	P0AD01
b4125	P0AEC8
b4126	P0AF59
b4127	P39274
b4128	P0AF61
b4559	P64646
b4129	P0A8N5
b4130	P39276
b4131	P0A9H3
b4132	P0AAE8
b4133	P23890
b4135	P0ACU7
b4136	P36655
b4137	P69488
b4138	P0ABN5
b4139	P0AC38
b4140	P37147
b4141	P39277
b4142	P0A6F9
b4143	P0A6F5
b4144	P0AF70
b4145	P39279
b4146	P39280
b4147	P0A6N4
b4410	P0ADB4
b4411	P0ADB7
b4148	P69937
b4149	P0A901
b4150	P00811
b4151	P0A8Q3
b4152	P0A8Q0
b4153	P0AC47
b4154	P00363
b4155	P0A8N7
b4156	P39282
b4157	P39283
b4158	P39284
b4159	P39285
b4160	P0A8K1
b4161	P39286
b4162	P0A784
b4670	C1P621
b4166	P39288
b4167	P31806
b4168	P0AF67
b4169	P26365
b4170	P23367
b4171	P16384
b4172	P0A6X3
b4173	P25519
b4174	P0ABC7
b4175	P0ABC3
b4176	P0AF73
b4177	P0A7D4
b4178	P0AF63
b4179	P21499
b4180	P63177
b4181	P0AF76
b4182	P0AF78
b4183	P39293
b4184	P0AF80
b4185	P39295
b4186	P33222
b4187	P33224
b4188	P0AF82
b4189	P39297
b4190	P39298
b4191	P0A9W0
b4192	P39300
b4193	P39301
b4194	P69822
b4195	P69820
b4196	P39304
b4197	P39305
b4198	P39306
b4199	P0AF86
b4200	P02358
b4201	P07013
b4202	P0A7T7
b4203	P0A7R1
b4204	P39308
b4206	P39310
b4207	P0A9L3
b4208	P0AAE0
b4209	P69506
b4210	P39314
b4211	P39315
b4212	P0ACN2
b4213	P08331
b4214	P22255
b4215	P39317
b4216	P39187
b4217	P0ADE2
b4218	P0AE45
b4219	P0A744
b4220	P0ADE4
b4221	P39321
b4222	P0AE48
b4224	P08365
b4225	P33647
b4226	P0A7A9
b4227	P39325
b4485	Q6BEX0
b4230	P39328
b4231	P37772
b4232	P0A993
b4233	P37773
b4234	P0A8X0
b4235	P0AFK0
b4237	P0A9N8
b4238	P28903
b4239	P28904
b4240	P36672
b4241	P36673
b4702	E2JKY7
b4242	P0ABB8
b4243	P0AF93
b4244	P0A7F3
b4245	P0A786
b4246	P0AD83
b4248	P39332
b4249	P39333
b4251	P39334
b4252	P0AF96
b4253	P39336
b4254	P04391
b4255	P0AF90
b4256	P39337
b4257	P39338
b4258	P07118
b4259	P28905
b4260	P68767
b4261	P0AF98
b4262	P0ADC6
b4263	P39342
b4264	P39343
b4265	P39344
b4266	P0A9P9
b4267	P39346
b4268	P39208
b4269	P27250
b4272	P0CF45
b4273	P0CF58
b4277	P39351
b4278	P03835
b4279	P39352
b4280	P39353
b4655	A8DYQ1
b4284	P0CF90
b4287	P15031
b4288	P15029
b4289	P15030
b4290	P15028
b4291	P13036
b4292	P23485
b4293	P23484
b4294	P0CF12
b4295	P39356
b4296	P39357
b4297	P39358
b4298	P39359
b4299	P39360
b4300	P39361
b4301	P39362
b4302	P39363
b4303	P39364
b4304	P39365
b4565	P58035
b4305	P39366
b4306	P39367
b4307	P39368
b4566	Q2EEU2
b4309	P39370
b4310	P39371
b4311	P69856
b4312	P0ADH5
b4313	P0ADH7
b4314	P04128
b4315	P39264
b4316	P31697
b4317	P30130
b4318	P08189
b4319	P08190
b4320	P08191
b4321	P0AC94
b4322	P24215
b4323	P39160
b4324	P39161
b4325	P39374
b4326	P39375
b4327	P39376
b4328	P39377
b4329	P0AEH8
b4330	P39379
b4331	P39380
b4332	P39381
b4333	P39382
b4334	P39383
b4335	P39384
b4336	P39385
b4337	P39386
b4340	P39389
b4341	P39390
b4345	P15006
b4346	P15005
b4347	P39394
b4348	P05719
b4349	P08957
b4350	P08956
b4351	P24202
b4352	P24203
b4353	P0ADC8
b4354	P39396
b4355	P02942
b4356	P39398
b4357	P39399
b4358	P39400
b4359	P39401
b4360	P18390
b4361	P0AEF0
b4362	P0A8J2
b4363	P0ADD2
b4364	P0ADD5
b4365	P0ADD7
b4366	P39404
b4367	P39405
b4567	P55914
b4371	P39406
b4372	P28632
b4373	P0A944
b4374	P0A8Y1
b4375	P0A7I4
b4376	P0AFH8
b4568	Q2M5U1
b4377	P39407
b4378	P39408
b4379	P39409
b4380	P37342
b4381	P0A6L0
b4382	P07650
b4383	P0A6K6
b4384	P0ABP8
b4385	P39410
b4386	P32099
b4387	P0AGC7
b4388	P0AGB0
b4389	P24554
b4390	P27278
b4391	P0A9W3
b4392	P0AGC3
b4393	P0A881
b4394	P39411
b4395	P0A7A2
b4396	P0ACI0
b4397	P0AE91
b4398	P08368
b4399	P08401
b4400	P08369
b4401	P0A9Q1
b4402	P0ADD9
b4403	P37005
